{"cameraMode":{"drawMode":0,"name":"Shaded","section":"Shading Mode"},"sceneLighting":false,"audioPlay":false,"sceneViewState":{"showFog":true,"showMaterialUpdate":false,"showSkybox":false,"showFlares":true,"showImageEffects":true,"showParticleSystems":true},"in2DMode":false,"pivot":{"x":0.02486354112625122,"y":0.7750004529953003,"z":0.0044289231300354},"rotation":{"x":0.0614023357629776,"y":-0.8757632970809937,"z":0.11574307829141617,"w":0.4646458625793457},"size":5.154167175292969,"orthographic":false}