{"cameraMode":{"drawMode":0,"name":"Shaded","section":"Shading Mode"},"sceneLighting":false,"audioPlay":false,"sceneViewState":{"showFog":true,"showMaterialUpdate":false,"showSkybox":false,"showFlares":true,"showImageEffects":true,"showParticleSystems":true},"in2DMode":false,"pivot":{"x":0.0,"y":1.309999942779541,"z":14.100499153137207},"rotation":{"x":0.06886325776576996,"y":-0.8121057152748108,"z":0.09792337566614151,"w":0.5711051821708679},"size":1.420243501663208,"orthographic":true}