{"cameraMode":{"drawMode":0,"name":"Shaded","section":"Shading Mode"},"sceneLighting":false,"audioPlay":false,"sceneViewState":{"showFog":true,"showMaterialUpdate":false,"showSkybox":false,"showFlares":true,"showImageEffects":true,"showParticleSystems":true},"in2DMode":false,"pivot":{"x":-0.02486354112625122,"y":0.7750004529953003,"z":0.0044289231300354},"rotation":{"x":0.023510662838816644,"y":-0.9182774424552918,"z":0.05516311153769493,"w":0.3913818895816803},"size":5.154167175292969,"orthographic":true}