{"cameraMode":{"drawMode":0,"name":"Shaded","section":"Shading Mode"},"sceneLighting":false,"audioPlay":false,"sceneViewState":{"showFog":true,"showMaterialUpdate":false,"showSkybox":false,"showFlares":true,"showImageEffects":true,"showParticleSystems":true},"in2DMode":false,"pivot":{"x":-0.0014816522598266602,"y":3.8134922981262209,"z":-3.8775148391723635},"rotation":{"x":0.09402083605527878,"y":-0.7090318202972412,"z":0.09630516916513443,"w":0.6922153234481812},"size":56.62920379638672,"orthographic":true}