{"cameraMode":{"drawMode":0,"name":"Shaded","section":"Shading Mode"},"sceneLighting":false,"audioPlay":false,"sceneViewState":{"showFog":true,"showMaterialUpdate":false,"showSkybox":false,"showFlares":true,"showImageEffects":true,"showParticleSystems":true},"in2DMode":false,"pivot":{"x":0.02722877264022827,"y":2.425459146499634,"z":18.52387809753418},"rotation":{"x":-0.010532398708164692,"y":-0.7696159482002258,"z":-0.012700253166258335,"w":0.6383001208305359},"size":4.603074073791504,"orthographic":true}