{"cameraMode":{"drawMode":0,"name":"Shaded","section":"Shading Mode"},"sceneLighting":false,"audioPlay":false,"sceneViewState":{"showFog":true,"showMaterialUpdate":false,"showSkybox":false,"showFlares":true,"showImageEffects":true,"showParticleSystems":true},"in2DMode":false,"pivot":{"x":12.050657272338868,"y":4.261109352111816,"z":10.330583572387696},"rotation":{"x":0.023510662838816644,"y":-0.9182774424552918,"z":0.05516311153769493,"w":0.3913818895816803},"size":54.126930236816409,"orthographic":true}